CELL_Line,Tissue_name
ACH-000001,ovary
ACH-000002,blood
ACH-000003,colorectal
ACH-000004,blood
ACH-000005,blood
ACH-000006,blood
ACH-000007,colorectal
ACH-000008,skin
ACH-000009,colorectal
ACH-000010,lung
ACH-000011,urinary_tract
ACH-000012,lung
ACH-000013,ovary
ACH-000014,skin
ACH-000015,lung
ACH-000016,kidney
ACH-000017,breast
ACH-000018,urinary_tract
ACH-000019,breast
ACH-000020,blood
ACH-000021,lung
ACH-000022,pancreas
ACH-000023,pancreas
ACH-000024,plasma_cell
ACH-000025,central_nervous_system
ACH-000026,urinary_tract
ACH-000027,central_nervous_system
ACH-000028,breast
ACH-000029,lung
ACH-000030,lung
ACH-000031,pancreas
ACH-000032,blood
ACH-000033,lung
ACH-000034,blood
ACH-000035,lung
ACH-000036,central_nervous_system
ACH-000037,soft_tissue
ACH-000038,lymphocyte
ACH-000039,bone
ACH-000040,central_nervous_system
ACH-000041,bone
ACH-000042,pancreas
ACH-000043,fibroblast
ACH-000044,breast
ACH-000045,blood
ACH-000046,kidney
ACH-000047,gastric
ACH-000048,ovary
ACH-000049,kidney
ACH-000050,plasma_cell
ACH-000051,soft_tissue
ACH-000052,bone
ACH-000053,lymphocyte
ACH-000054,soft_tissue
ACH-000055,central_nervous_system
ACH-000056,lymphocyte
ACH-000057,plasma_cell
ACH-000058,thyroid
ACH-000059,blood
ACH-000060,pancreas
ACH-000061,lymphocyte
ACH-000062,lung
ACH-000063,fibroblast
ACH-000064,lung
ACH-000065,blood
ACH-000066,lung
ACH-000067,central_nervous_system
ACH-000068,lymphocyte
ACH-000069,lymphocyte
ACH-000070,blood
ACH-000071,fibroblast
ACH-000072,blood
ACH-000073,lymphocyte
ACH-000074,blood
ACH-000075,central_nervous_system
ACH-000076,blood
ACH-000077,lymphocyte
ACH-000078,peripheral_nervous_system
ACH-000079,fibroblast
ACH-000080,blood
ACH-000081,blood
ACH-000082,bone
ACH-000083,fibroblast
ACH-000084,blood
ACH-000085,pancreas
ACH-000086,lung
ACH-000087,bone
ACH-000088,fibroblast
ACH-000089,colorectal
ACH-000090,prostate
ACH-000091,ovary
ACH-000092,lung
ACH-000093,pancreas
ACH-000094,pancreas
ACH-000095,central_nervous_system
ACH-000096,kidney
ACH-000097,breast
ACH-000098,central_nervous_system
ACH-000099,peripheral_nervous_system
ACH-000100,soft_tissue
ACH-000101,blood
ACH-000102,central_nervous_system
ACH-000103,ovary
ACH-000104,blood
ACH-000105,blood
ACH-000106,lymphocyte
ACH-000107,pancreas
ACH-000108,pancreas
ACH-000109,lung
ACH-000110,gastric
ACH-000111,breast
ACH-000112,blood
ACH-000113,blood
ACH-000114,pancreas
ACH-000115,prostate
ACH-000116,ovary
ACH-000117,breast
ACH-000118,pancreas
ACH-000119,fibroblast
ACH-000120,peripheral_nervous_system
ACH-000121,lung
ACH-000122,blood
ACH-000123,ovary
ACH-000124,lymphocyte
ACH-000125,fibroblast
ACH-000126,central_nervous_system
ACH-000127,kidney
ACH-000128,central_nervous_system
ACH-000129,lung
ACH-000130,blood
ACH-000131,fibroblast
ACH-000132,ovary
ACH-000133,fibroblast
ACH-000134,fibroblast
ACH-000135,fibroblast
ACH-000136,peripheral_nervous_system
ACH-000137,central_nervous_system
ACH-000138,pancreas
ACH-000139,pancreas
ACH-000140,lymphocyte
ACH-000141,bile_duct
ACH-000142,urinary_tract
ACH-000143,lung
ACH-000144,gastric
ACH-000145,soft_tissue
ACH-000146,blood
ACH-000147,breast
ACH-000148,breast
ACH-000149,peripheral_nervous_system
ACH-000150,lung
ACH-000151,blood
ACH-000152,central_nervous_system
ACH-000153,lung
ACH-000154,fibroblast
ACH-000155,pancreas
ACH-000156,blood
ACH-000157,lymphocyte
ACH-000158,lymphocyte
ACH-000159,kidney
ACH-000160,soft_tissue
ACH-000161,lung
ACH-000162,lymphocyte
ACH-000163,thyroid
ACH-000164,pancreas
ACH-000165,fibroblast
ACH-000166,blood
ACH-000167,gastric
ACH-000168,blood
ACH-000169,soft_tissue
ACH-000170,prostate
ACH-000171,kidney
ACH-000172,soft_tissue
ACH-000173,uterus
ACH-000174,thyroid
ACH-000175,fibroblast
ACH-000176,lung
ACH-000177,prostate
ACH-000178,pancreas
ACH-000179,lung
ACH-000180,fibroblast
ACH-000181,upper_aerodigestive
ACH-000182,bile_duct
ACH-000183,plasma_cell
ACH-000184,fibroblast
ACH-000185,fibroblast
ACH-000186,lung
ACH-000187,lung
ACH-000188,upper_aerodigestive
ACH-000189,kidney
ACH-000190,lymphocyte
ACH-000191,thyroid
ACH-000192,uterus
ACH-000193,plasma_cell
ACH-000194,fibroblast
ACH-000195,blood
ACH-000196,breast
ACH-000197,blood
ACH-000198,blood
ACH-000199,fibroblast
ACH-000200,central_nervous_system
ACH-000201,soft_tissue
ACH-000202,colorectal
ACH-000203,peripheral_nervous_system
ACH-000204,plasma_cell
ACH-000205,pancreas
ACH-000206,lymphocyte
ACH-000207,upper_aerodigestive
ACH-000208,central_nervous_system
ACH-000209,bile_duct
ACH-000210,bone
ACH-000211,central_nervous_system
ACH-000212,breast
ACH-000213,pancreas
ACH-000214,fibroblast
ACH-000215,central_nervous_system
ACH-000216,esophagus
ACH-000217,liver
ACH-000218,blood
ACH-000219,skin
ACH-000220,lymphocyte
ACH-000221,liver
ACH-000222,pancreas
ACH-000223,breast
ACH-000224,fibroblast
ACH-000225,gastric
ACH-000226,lymphocyte
ACH-000227,peripheral_nervous_system
ACH-000228,upper_aerodigestive
ACH-000229,fibroblast
ACH-000230,fibroblast
ACH-000231,central_nervous_system
ACH-000232,central_nervous_system
ACH-000233,lymphocyte
ACH-000234,kidney
ACH-000235,pancreas
ACH-000236,colorectal
ACH-000237,ovary
ACH-000238,upper_aerodigestive
ACH-000239,gastric
ACH-000240,fibroblast
ACH-000241,blood
ACH-000242,urinary_tract
ACH-000243,pancreas
ACH-000244,central_nervous_system
ACH-000245,lymphocyte
ACH-000246,kidney
ACH-000247,gastric
ACH-000248,breast
ACH-000249,colorectal
ACH-000250,kidney
ACH-000251,lung
ACH-000252,colorectal
ACH-000253,colorectal
ACH-000254,upper_aerodigestive
ACH-000255,gastric
ACH-000256,ovary
ACH-000257,lung
ACH-000258,breast
ACH-000259,peripheral_nervous_system
ACH-000260,peripheral_nervous_system
ACH-000261,lung
ACH-000262,kidney
ACH-000263,blood
ACH-000264,lung
ACH-000265,pancreas
ACH-000266,pancreas
ACH-000267,lymphocyte
ACH-000268,bile_duct
ACH-000269,central_nervous_system
ACH-000270,pancreas
ACH-000271,lymphocyte
ACH-000272,kidney
ACH-000273,central_nervous_system
ACH-000274,skin
ACH-000275,fibroblast
ACH-000276,breast
ACH-000277,breast
ACH-000278,ovary
ACH-000279,bone
ACH-000280,ovary
ACH-000281,pancreas
ACH-000282,lung
ACH-000283,central_nervous_system
ACH-000284,fibroblast
ACH-000285,lymphocyte
ACH-000286,colorectal
ACH-000287,lymphocyte
ACH-000288,breast
ACH-000289,central_nervous_system
ACH-000290,lung
ACH-000291,ovary
ACH-000292,lung
ACH-000293,uterus
ACH-000294,blood
ACH-000295,blood
ACH-000296,colorectal
ACH-000297,lung
ACH-000298,lung
ACH-000299,blood
ACH-000300,kidney
ACH-000301,blood
ACH-000302,uterus
ACH-000303,gastric
ACH-000304,skin
ACH-000305,esophagus
ACH-000306,fibroblast
ACH-000307,pancreas
ACH-000308,ovary
ACH-000309,lung
ACH-000310,peripheral_nervous_system
ACH-000311,lung
ACH-000312,peripheral_nervous_system
ACH-000313,kidney
ACH-000314,lung
ACH-000315,lymphocyte
ACH-000316,liver
ACH-000317,kidney
ACH-000318,esophagus
ACH-000319,lung
ACH-000320,pancreas
ACH-000321,blood
ACH-000322,skin
ACH-000323,central_nervous_system
ACH-000324,ovary
ACH-000325,gastric
ACH-000326,blood
ACH-000327,lung
ACH-000328,central_nervous_system
ACH-000329,central_nervous_system
ACH-000330,breast
ACH-000331,lung
ACH-000332,pancreas
ACH-000333,ovary
ACH-000334,lymphocyte
ACH-000335,lung
ACH-000336,blood
ACH-000337,lung
ACH-000338,lymphocyte
ACH-000339,lung
ACH-000340,fibroblast
ACH-000341,peripheral_nervous_system
ACH-000342,colorectal
ACH-000343,lung
ACH-000344,gastric
ACH-000345,peripheral_nervous_system
ACH-000346,blood
ACH-000347,pancreas
ACH-000348,skin
ACH-000349,breast
ACH-000350,colorectal
ACH-000351,gastric
ACH-000352,breast
ACH-000353,esophagus
ACH-000354,pancreas
ACH-000355,lung
ACH-000356,gastric
ACH-000357,lymphocyte
ACH-000358,lung
ACH-000359,bone
ACH-000360,colorectal
ACH-000361,liver
ACH-000362,blood
ACH-000363,plasma_cell
ACH-000364,bone
ACH-000365,lymphocyte
ACH-000366,peripheral_nervous_system
ACH-000367,lung
ACH-000368,central_nervous_system
ACH-000369,blood
ACH-000370,central_nervous_system
ACH-000371,lymphocyte
ACH-000372,blood
ACH-000373,blood
ACH-000374,breast
ACH-000375,soft_tissue
ACH-000376,central_nervous_system
ACH-000377,bile_duct
ACH-000378,lung
ACH-000379,lung
ACH-000380,plasma_cell
ACH-000381,colorectal
ACH-000382,lung
ACH-000383,esophagus
ACH-000384,urinary_tract
ACH-000385,kidney
ACH-000386,blood
ACH-000387,blood
ACH-000388,lymphocyte
ACH-000389,central_nervous_system
ACH-000390,lung
ACH-000391,bone
ACH-000392,lung
ACH-000393,liver
ACH-000394,lung
ACH-000395,lung
ACH-000396,urinary_tract
ACH-000397,uterus
ACH-000398,lymphocyte
ACH-000399,lung
ACH-000400,colorectal
ACH-000401,skin
ACH-000402,lymphocyte
ACH-000403,colorectal
ACH-000404,skin
ACH-000405,blood
ACH-000406,blood
ACH-000407,uterus
ACH-000408,esophagus
ACH-000409,ovary
ACH-000410,bone
ACH-000411,kidney
ACH-000412,colorectal
ACH-000413,fibroblast
ACH-000414,lung
ACH-000415,upper_aerodigestive
ACH-000416,lung
ACH-000417,pancreas
ACH-000418,bone
ACH-000419,plasma_cell
ACH-000420,liver
ACH-000421,colorectal
ACH-000422,liver
ACH-000423,skin
ACH-000424,bone
ACH-000425,skin
ACH-000426,plasma_cell
ACH-000427,gastric
ACH-000428,kidney
ACH-000429,kidney
ACH-000430,ovary
ACH-000431,lung
ACH-000432,blood
ACH-000433,kidney
ACH-000434,lung
ACH-000435,uterus
ACH-000436,plasma_cell
ACH-000437,central_nervous_system
ACH-000438,lung
ACH-000439,blood
ACH-000440,lymphocyte
ACH-000441,skin
ACH-000442,lung
ACH-000443,ovary
ACH-000444,lung
ACH-000445,central_nervous_system
ACH-000446,peripheral_nervous_system
ACH-000447,lung
ACH-000448,lung
ACH-000449,soft_tissue
ACH-000450,skin
ACH-000451,lung
ACH-000452,esophagus
ACH-000453,plasma_cell
ACH-000454,lung
ACH-000455,central_nervous_system
ACH-000456,thyroid
ACH-000457,kidney
ACH-000458,skin
ACH-000459,kidney
ACH-000460,ovary
ACH-000461,bile_duct
ACH-000462,blood
ACH-000463,lung
ACH-000464,central_nervous_system
ACH-000465,skin
ACH-000466,gastric
ACH-000467,colorectal
ACH-000468,pancreas
ACH-000469,central_nervous_system
ACH-000470,colorectal
ACH-000471,liver
ACH-000472,upper_aerodigestive
ACH-000473,urinary_tract
ACH-000475,liver
ACH-000476,liver
ACH-000477,skin
ACH-000478,liver
ACH-000479,central_nervous_system
ACH-000480,liver
ACH-000481,lung
ACH-000482,lung
ACH-000483,liver
ACH-000484,kidney
ACH-000485,gastric
ACH-000486,urinary_tract
ACH-000487,blood
ACH-000488,esophagus
ACH-000489,colorectal
ACH-000490,central_nervous_system
ACH-000491,colorectal
ACH-000492,blood
ACH-000493,liver
ACH-000494,ovary
ACH-000495,kidney
ACH-000496,lung
ACH-000498,blood
ACH-000499,bone
ACH-000500,upper_aerodigestive
ACH-000501,colorectal
ACH-000502,pancreas
ACH-000503,upper_aerodigestive
ACH-000504,central_nervous_system
ACH-000505,soft_tissue
ACH-000506,lung
ACH-000507,gastric
ACH-000508,lung
ACH-000509,lymphocyte
ACH-000510,lung
ACH-000511,lung
ACH-000512,plasma_cell
ACH-000513,kidney
ACH-000514,lung
ACH-000515,lung
ACH-000516,bone
ACH-000517,pancreas
ACH-000518,upper_aerodigestive
ACH-000519,blood
ACH-000520,ovary
ACH-000521,lung
ACH-000522,urinary_tract
ACH-000523,lung
ACH-000524,ovary
ACH-000525,lung
ACH-000526,fibroblast
ACH-000527,ovary
ACH-000528,lung
ACH-000529,fibroblast
ACH-000530,lung
ACH-000531,fibroblast
ACH-000532,colorectal
ACH-000533,soft_tissue
ACH-000534,lymphocyte
ACH-000535,pancreas
ACH-000536,breast
ACH-000537,liver
ACH-000538,gastric
ACH-000539,fibroblast
ACH-000540,fibroblast
ACH-000541,plasma_cell
ACH-000542,ovary
ACH-000543,central_nervous_system
ACH-000544,esophagus
ACH-000545,urinary_tract
ACH-000546,upper_aerodigestive
ACH-000547,urinary_tract
ACH-000548,upper_aerodigestive
ACH-000549,upper_aerodigestive
ACH-000550,skin
ACH-000551,blood
ACH-000552,colorectal
ACH-000553,lung
ACH-000554,breast
ACH-000555,kidney
ACH-000556,cervix
ACH-000557,blood
ACH-000558,central_nervous_system
ACH-000559,lung
ACH-000560,gastric
ACH-000561,esophagus
ACH-000562,lung
ACH-000563,lung
ACH-000564,plasma_cell
ACH-000565,colorectal
ACH-000566,urinary_tract
ACH-000567,lymphocyte
ACH-000568,breast
ACH-000569,lung
ACH-000570,central_nervous_system
ACH-000571,central_nervous_system
ACH-000572,skin
ACH-000573,breast
ACH-000574,ovary
ACH-000575,lung
ACH-000576,plasma_cell
ACH-000577,liver
ACH-000578,lung
ACH-000579,skin
ACH-000580,skin
ACH-000581,gastric
ACH-000582,skin
ACH-000583,lymphocyte
ACH-000584,ovary
ACH-000585,lung
ACH-000586,lung
ACH-000587,lung
ACH-000588,plasma_cell
ACH-000589,lung
ACH-000590,lung
ACH-000591,central_nervous_system
ACH-000592,central_nervous_system
ACH-000593,urinary_tract
ACH-000594,lung
ACH-000595,central_nervous_system
ACH-000596,lung
ACH-000597,soft_tissue
ACH-000598,plasma_cell
ACH-000599,pancreas
ACH-000600,kidney
ACH-000601,pancreas
ACH-000602,blood
ACH-000603,lung
ACH-000604,blood
ACH-000605,esophagus
ACH-000606,upper_aerodigestive
ACH-000607,soft_tissue
ACH-000608,ovary
ACH-000609,central_nervous_system
ACH-000610,lung
ACH-000611,lymphocyte
ACH-000612,lymphocyte
ACH-000613,bone
ACH-000614,skin
ACH-000615,skin
ACH-000616,gastric
ACH-000617,ovary
ACH-000618,upper_aerodigestive
ACH-000619,upper_aerodigestive
ACH-000620,liver
ACH-000621,breast
ACH-000622,central_nervous_system
ACH-000623,central_nervous_system
ACH-000624,breast
ACH-000625,liver
ACH-000626,plasma_cell
ACH-000627,lung
ACH-000628,lung
ACH-000629,central_nervous_system
ACH-000630,upper_aerodigestive
ACH-000631,central_nervous_system
ACH-000632,skin
ACH-000633,gastric
ACH-000634,central_nervous_system
ACH-000635,ovary
ACH-000636,blood
ACH-000637,esophagus
ACH-000638,lung
ACH-000639,lung
ACH-000640,skin
ACH-000641,blood
ACH-000642,breast
ACH-000643,breast
ACH-000644,skin
ACH-000645,lung
ACH-000646,ovary
ACH-000647,esophagus
ACH-000648,lung
ACH-000649,kidney
ACH-000650,skin
ACH-000651,colorectal
ACH-000652,pancreas
ACH-000653,plasma_cell
ACH-000654,lymphocyte
ACH-000655,central_nervous_system
ACH-000656,lymphocyte
ACH-000657,ovary
ACH-000658,plasma_cell
ACH-000659,lung
ACH-000660,lymphocyte
ACH-000661,skin
ACH-000662,lung
ACH-000663,ovary
ACH-000664,lymphocyte
ACH-000665,lung
ACH-000666,lung
ACH-000667,lung
ACH-000668,breast
ACH-000669,lung
ACH-000670,lung
ACH-000671,liver
ACH-000672,lung
ACH-000673,central_nervous_system
ACH-000674,gastric
ACH-000675,lung
ACH-000676,central_nervous_system
ACH-000677,lung
ACH-000678,gastric
ACH-000679,esophagus
ACH-000680,colorectal
ACH-000681,lung
ACH-000682,upper_aerodigestive
ACH-000683,colorectal
ACH-000684,kidney
ACH-000685,pancreas
ACH-000686,liver
ACH-000687,lymphocyte
ACH-000688,ovary
ACH-000689,soft_tissue
ACH-000690,lung
ACH-000691,breast
ACH-000692,upper_aerodigestive
ACH-000693,esophagus
ACH-000694,esophagus
ACH-000695,lung
ACH-000696,ovary
ACH-000697,lymphocyte
ACH-000698,lung
ACH-000699,breast
ACH-000700,lung
ACH-000701,ovary
ACH-000702,lymphocyte
ACH-000703,lung
ACH-000704,ovary
ACH-000705,lung
ACH-000706,lung
ACH-000707,lymphocyte
ACH-000708,colorectal
ACH-000709,kidney
ACH-000710,lung
ACH-000711,breast
ACH-000712,lung
ACH-000713,ovary
ACH-000714,plasma_cell
ACH-000715,upper_aerodigestive
ACH-000716,thyroid
ACH-000717,esophagus
ACH-000718,lung
ACH-000719,ovary
ACH-000720,urinary_tract
ACH-000721,breast
ACH-000722,colorectal
ACH-000723,upper_aerodigestive
ACH-000724,urinary_tract
ACH-000725,breast
ACH-000726,esophagus
ACH-000727,lung
ACH-000728,blood
ACH-000729,lung
ACH-000730,skin
ACH-000731,lung
ACH-000732,upper_aerodigestive
ACH-000733,lung
ACH-000734,liver
ACH-000735,upper_aerodigestive
ACH-000736,gastric
ACH-000737,lung
ACH-000738,central_nervous_system
ACH-000739,liver
ACH-000740,upper_aerodigestive
ACH-000741,urinary_tract
ACH-000742,fibroblast
ACH-000743,lung
ACH-000744,lung
ACH-000745,plasma_cell
ACH-000746,gastric
ACH-000747,lung
ACH-000748,bone
ACH-000749,lung
ACH-000750,skin
ACH-000751,blood
ACH-000752,lung
ACH-000753,urinary_tract
ACH-000754,lymphocyte
ACH-000755,breast
ACH-000756,central_nervous_system
ACH-000757,lung
ACH-000758,gastric
ACH-000759,breast
ACH-000760,central_nervous_system
ACH-000761,gastric
ACH-000762,upper_aerodigestive
ACH-000763,plasma_cell
ACH-000764,gastric
ACH-000765,skin
ACH-000766,lung
ACH-000767,lung
ACH-000768,breast
ACH-000769,lung
ACH-000770,blood
ACH-000771,upper_aerodigestive
ACH-000772,soft_tissue
ACH-000773,lymphocyte
ACH-000774,lung
ACH-000775,lung
ACH-000776,central_nervous_system
ACH-000777,esophagus
ACH-000778,upper_aerodigestive
ACH-000779,lung
ACH-000780,lung
ACH-000781,lung
ACH-000782,blood
ACH-000783,breast
ACH-000784,esophagus
ACH-000785,lung
ACH-000786,lymphocyte
ACH-000787,lung
ACH-000788,skin
ACH-000789,lung
ACH-000790,lung
ACH-000791,lung
ACH-000792,kidney
ACH-000793,gastric
ACH-000794,upper_aerodigestive
ACH-000795,blood
ACH-000796,ovary
ACH-000797,fibroblast
ACH-000798,colorectal
ACH-000799,skin
ACH-000800,lung
ACH-000801,skin
ACH-000802,urinary_tract
ACH-000803,lung
ACH-000804,peripheral_nervous_system
ACH-000805,skin
ACH-000806,lymphocyte
ACH-000807,central_nervous_system
ACH-000808,bile_duct
ACH-000809,esophagus
ACH-000810,skin
ACH-000811,ovary
ACH-000812,skin
ACH-000813,lung
ACH-000814,skin
ACH-000815,lymphocyte
ACH-000816,lung
ACH-000817,plasma_cell
ACH-000818,breast
ACH-000819,central_nervous_system
ACH-000820,colorectal
ACH-000821,plasma_cell
ACH-000822,skin
ACH-000823,esophagus
ACH-000824,esophagus
ACH-000825,lung
ACH-000826,lung
ACH-000827,skin
ACH-000828,breast
ACH-000829,plasma_cell
ACH-000830,lung
ACH-000831,uterus
ACH-000832,upper_aerodigestive
ACH-000833,soft_tissue
ACH-000834,urinary_tract
ACH-000835,soft_tissue
ACH-000836,upper_aerodigestive
ACH-000837,lung
ACH-000838,plasma_cell
ACH-000839,urinary_tract
ACH-000840,lung
ACH-000841,lung
ACH-000842,colorectal
ACH-000843,lung
ACH-000844,lung
ACH-000845,lung
ACH-000846,upper_aerodigestive
ACH-000847,gastric
ACH-000848,liver
ACH-000849,breast
ACH-000850,fibroblast
ACH-000851,lung
ACH-000852,lung
ACH-000853,lung
ACH-000854,plasma_cell
ACH-000855,esophagus
ACH-000856,breast
ACH-000857,breast
ACH-000858,lung
ACH-000859,breast
ACH-000860,lung
ACH-000861,lung
ACH-000862,urinary_tract
ACH-000863,central_nervous_system
ACH-000864,uterus
ACH-000865,esophagus
ACH-000866,lung
ACH-000867,lung
ACH-000868,lung
ACH-000869,lung
ACH-000870,lung
ACH-000871,lung
ACH-000872,lung
ACH-000873,esophagus
ACH-000874,blood
ACH-000875,lung
ACH-000876,breast
ACH-000877,lymphocyte
ACH-000878,lung
ACH-000879,uterus
ACH-000880,gastric
ACH-000881,skin
ACH-000882,skin
ACH-000883,central_nervous_system
ACH-000884,skin
ACH-000885,ovary
ACH-000886,lung
ACH-000887,central_nervous_system
ACH-000888,lung
ACH-000889,plasma_cell
ACH-000890,lung
ACH-000891,lung
ACH-000892,lung
ACH-000893,lung
ACH-000894,lung
ACH-000895,colorectal
ACH-000896,urinary_tract
ACH-000897,thyroid
ACH-000898,gastric
ACH-000899,skin
ACH-000900,lung
ACH-000901,lung
ACH-000902,breast
ACH-000903,thyroid
ACH-000904,lung
ACH-000905,urinary_tract
ACH-000906,ovary
ACH-000907,kidney
ACH-000908,gastric
ACH-000909,uterus
ACH-000910,breast
ACH-000911,gastric
ACH-000912,lung
ACH-000913,uterus
ACH-000914,lymphocyte
ACH-000915,skin
ACH-000916,lung
ACH-000917,esophagus
ACH-000918,blood
ACH-000919,gastric
ACH-000920,blood
ACH-000921,lung
ACH-000922,blood
ACH-000923,lymphocyte
ACH-000924,lung
ACH-000925,lung
ACH-000926,colorectal
ACH-000927,breast
ACH-000928,uterus
ACH-000929,lung
ACH-000930,breast
ACH-000931,skin
ACH-000932,gastric
ACH-000933,pancreas
ACH-000934,breast
ACH-000935,colorectal
ACH-000936,ovary
ACH-000937,blood
ACH-000938,blood
ACH-000939,soft_tissue
ACH-000940,uterus
ACH-000941,uterus
ACH-000942,blood
ACH-000943,colorectal
ACH-000944,lymphocyte
ACH-000945,lung
ACH-000946,uterus
ACH-000947,ovary
ACH-000948,gastric
ACH-000949,gastric
ACH-000950,colorectal
ACH-000951,lung
ACH-000952,prostate
ACH-000953,blood
ACH-000954,uterus
ACH-000955,colorectal
ACH-000956,prostate
ACH-000957,colorectal
ACH-000958,colorectal
ACH-000959,colorectal
ACH-000960,blood
ACH-000961,uterus
ACH-000962,ovary
ACH-000963,colorectal
ACH-000964,blood
ACH-000965,uterus
ACH-000966,ovary
ACH-000967,colorectal
ACH-000968,skin
ACH-000969,colorectal
ACH-000970,colorectal
ACH-000971,colorectal
ACH-000972,uterus
ACH-000973,urinary_tract
ACH-000974,uterus
ACH-000975,lung
ACH-000976,bile_duct
ACH-000977,prostate
ACH-000978,uterus
ACH-000979,prostate
ACH-000980,lung
ACH-000981,blood
ACH-000982,colorectal
ACH-000983,blood
ACH-000984,uterus
ACH-000985,colorectal
ACH-000986,colorectal
ACH-000987,skin
ACH-000988,uterus
ACH-000989,colorectal
ACH-000990,uterus
ACH-000991,colorectal
ACH-000992,upper_aerodigestive
ACH-000993,uterus
ACH-000994,uterus
ACH-000995,blood
ACH-000996,uterus
ACH-000997,colorectal
ACH-000998,colorectal
ACH-000999,colorectal
ACH-001001,bone
ACH-001016,central_nervous_system
ACH-001020,soft_tissue
ACH-001022,bone
ACH-001028,soft_tissue
ACH-001029,bone
ACH-001030,bone
ACH-001031,soft_tissue
ACH-001032,bone
ACH-001033,bone
ACH-001034,bone
ACH-001035,bone
ACH-001038,bone
ACH-001041,lung
ACH-001048,ovary
ACH-001050,soft_tissue
ACH-001053,central_nervous_system
ACH-001054,central_nervous_system
ACH-001057,lymphocyte
ACH-001059,soft_tissue
ACH-001060,lymphocyte
ACH-001061,colorectal
ACH-001067,central_nervous_system
ACH-001068,lymphocyte
ACH-001075,lung
ACH-001078,lung
ACH-001086,cervix
ACH-001096,soft_tissue
ACH-001097,lymphocyte
ACH-001098,pancreas
ACH-001099,soft_tissue
ACH-001100,lymphocyte
ACH-001106,blood
ACH-001109,soft_tissue
ACH-001111,lymphocyte
ACH-001113,lung
ACH-001119,lymphocyte
ACH-001128,soft_tissue
ACH-001129,blood
ACH-001132,lymphocyte
ACH-001134,lymphocyte
ACH-001142,central_nervous_system
ACH-001143,lymphocyte
ACH-001145,ovary
ACH-001147,lymphocyte
ACH-001148,lymphocyte
ACH-001163,kidney
ACH-001164,soft_tissue
ACH-001172,central_nervous_system
ACH-001173,central_nervous_system
ACH-001183,urinary_tract
ACH-001184,soft_tissue
ACH-001190,skin
ACH-001192,bone
ACH-001193,bone
ACH-001196,soft_tissue
ACH-001197,lymphocyte
ACH-001200,soft_tissue
ACH-001201,central_nervous_system
ACH-001205,bone
ACH-001207,fibroblast
ACH-001210,soft_tissue
ACH-001211,soft_tissue
ACH-001212,soft_tissue
ACH-001228,upper_aerodigestive
ACH-001232,central_nervous_system
ACH-001239,skin
ACH-001270,soft_tissue
ACH-001274,soft_tissue
ACH-001275,soft_tissue
ACH-001277,soft_tissue
ACH-001278,ovary
ACH-001279,ovary
ACH-001280,soft_tissue
ACH-001283,bone
ACH-001289,soft_tissue
ACH-001295,eye
ACH-001300,peripheral_nervous_system
ACH-001301,peripheral_nervous_system
ACH-001302,peripheral_nervous_system
ACH-001303,peripheral_nervous_system
ACH-001306,thyroid
ACH-001307,thyroid
ACH-001310,kidney
ACH-001316,kidney
ACH-001318,liver
ACH-001321,thyroid
ACH-001322,soft_tissue
ACH-001328,skin
ACH-001329,central_nervous_system
ACH-001332,upper_aerodigestive
ACH-001333,cervix
ACH-001334,cervix
ACH-001335,cervix
ACH-001336,cervix
ACH-001340,ovary
ACH-001341,cervix
ACH-001344,peripheral_nervous_system
ACH-001345,colorectal
ACH-001346,upper_aerodigestive
ACH-001353,pancreas
ACH-001354,peripheral_nervous_system
ACH-001356,thyroid
ACH-001360,cervix
ACH-001366,peripheral_nervous_system
ACH-001367,peripheral_nervous_system
ACH-001368,esophagus
ACH-001369,ovary
ACH-001373,ovary
ACH-001374,ovary
ACH-001375,pancreas
ACH-001376,pancreas
ACH-001377,pancreas
ACH-001378,pancreas
ACH-001379,pancreas
ACH-001380,pancreas
ACH-001382,pancreas
ACH-001386,lung
ACH-001390,breast
ACH-001391,breast
ACH-001392,breast
ACH-001394,breast
ACH-001396,breast
ACH-001399,colorectal
ACH-001400,cervix
ACH-001401,adrenal_cortex
ACH-001402,cervix
ACH-001403,ovary
ACH-001407,urinary_tract
ACH-001408,urinary_tract
ACH-001409,urinary_tract
ACH-001410,urinary_tract
ACH-001411,urinary_tract
ACH-001412,urinary_tract
ACH-001413,urinary_tract
ACH-001414,urinary_tract
ACH-001415,urinary_tract
ACH-001416,urinary_tract
ACH-001418,ovary
ACH-001421,eye
ACH-001430,bone
ACH-001431,bone
ACH-001433,soft_tissue
ACH-001442,cervix
ACH-001443,thyroid
ACH-001450,lymphocyte
ACH-001451,cervix
ACH-001454,colorectal
ACH-001456,colorectal
ACH-001458,colorectal
ACH-001459,colorectal
ACH-001460,colorectal
ACH-001461,colorectal
ACH-001484,blood
ACH-001485,blood
ACH-001494,bile_duct
ACH-001495,uterus
ACH-001496,esophagus
ACH-001497,esophagus
ACH-001498,lymphocyte
ACH-001500,esophagus
ACH-001509,upper_aerodigestive
ACH-001510,upper_aerodigestive
ACH-001511,upper_aerodigestive
ACH-001513,cervix
ACH-001515,cervix
ACH-001517,uterus
ACH-001520,blood
ACH-001521,skin
ACH-001522,skin
ACH-001523,skin
ACH-001524,skin
ACH-001525,cervix
ACH-001526,bone
ACH-001529,uterus
ACH-001530,uterus
ACH-001532,kidney
ACH-001536,bile_duct
ACH-001538,bile_duct
ACH-001540,soft_tissue
ACH-001542,upper_aerodigestive
ACH-001543,upper_aerodigestive
ACH-001548,peripheral_nervous_system
ACH-001549,lung
ACH-001550,skin
ACH-001551,skin
ACH-001552,skin
ACH-001554,eye
ACH-001555,lung
ACH-001556,lung
ACH-001557,lung
ACH-001558,lung
ACH-001559,lung
ACH-001560,lung
ACH-001561,lung
ACH-001562,lung
ACH-001563,skin
ACH-001566,skin
ACH-001567,skin
ACH-001568,skin
ACH-001570,skin
ACH-001607,bile_duct
ACH-001608,central_nervous_system
ACH-001609,central_nervous_system
ACH-001610,central_nervous_system
ACH-001611,central_nervous_system
ACH-001613,blood
ACH-001617,lymphocyte
ACH-001618,blood
ACH-001619,bile_duct
ACH-001622,central_nervous_system
ACH-001623,central_nervous_system
ACH-001624,central_nervous_system
ACH-001628,ovary
ACH-001634,blood
ACH-001636,lymphocyte
ACH-001638,lymphocyte
ACH-001642,lymphocyte
ACH-001645,skin
ACH-001647,blood
ACH-001650,cervix
ACH-001651,uterus
ACH-001652,uterus
ACH-001653,gastric
ACH-001654,esophagus
ACH-001655,uterus
ACH-001656,blood
ACH-001664,gastric
ACH-001668,embryo
ACH-001670,peripheral_nervous_system
ACH-001673,bile_duct
ACH-001674,peripheral_nervous_system
ACH-001677,lymphocyte
ACH-001685,lymphocyte
ACH-001699,upper_aerodigestive
ACH-001702,soft_tissue
ACH-001711,central_nervous_system
ACH-001712,bone
ACH-001715,bone
ACH-001735,blood
ACH-001736,blood
ACH-001737,blood
ACH-001740,soft_tissue
ACH-001741,soft_tissue
ACH-001743,soft_tissue
ACH-001745,soft_tissue
ACH-001750,soft_tissue
ACH-001751,soft_tissue
ACH-001765,soft_tissue
ACH-001786,colorectal
ACH-001790,soft_tissue
ACH-001791,soft_tissue
ACH-001793,soft_tissue
ACH-001794,soft_tissue
ACH-001795,soft_tissue
ACH-001796,soft_tissue
ACH-001799,soft_tissue
ACH-001802,soft_tissue
ACH-001804,soft_tissue
ACH-001807,soft_tissue
ACH-001814,bone
ACH-001818,bone
ACH-001819,breast
ACH-001835,bile_duct
ACH-001836,bile_duct
ACH-001838,bile_duct
ACH-001839,bile_duct
ACH-001841,bile_duct
ACH-001842,bile_duct
ACH-001843,bile_duct
ACH-001844,bile_duct
ACH-001845,bile_duct
ACH-001846,bile_duct
ACH-001848,bile_duct
ACH-001849,bile_duct
ACH-001850,bile_duct
ACH-001852,bile_duct
ACH-001853,bile_duct
ACH-001856,bile_duct
ACH-001857,bile_duct
ACH-001858,bile_duct
ACH-001861,bile_duct
ACH-001862,bile_duct
ACH-001863,bile_duct
ACH-001864,bile_duct
ACH-001959,bile_duct
ACH-001960,bile_duct
ACH-001961,bile_duct
ACH-001993,blood
ACH-001997,bile_duct
ACH-001999,pancreas
ACH-002001,skin
ACH-002002,skin
ACH-002003,skin
ACH-002004,skin
ACH-002005,skin
ACH-002011,eye
ACH-002015,eye
ACH-002016,eye
ACH-002017,eye
ACH-002018,eye
ACH-002029,upper_aerodigestive
ACH-002044,upper_aerodigestive
ACH-002045,upper_aerodigestive
ACH-002059,blood
ACH-002066,central_nervous_system
ACH-002446,gastric
ACH-002509,skin
